"clinton","clinton"
"clinton","clinton"
"clinton","clinton"
"clinton","clinton"
"clinton","clinton"

"clinton","clinton"
"clinton","clinton"
"clinton lake","Clinton Lake (Illinois)","clinton","clinton"
"clinton county board","clinton county board"
"clinton county","Clinton County, Illinois"
"clinton","clinton"
"clinton","clinton"

"clinton","clinton"
"st clinton  47842","st clinton 47842"
"clinton city police","clinton city police"
"clinton  47842 clinton city police","clinton 47842 clinton city police"
"clinton","clinton"
"clinton","clinton"
"chip@clinton.org","chip@clinton.org"
"clinton","clinton"
"clinton","clinton"

"clinton county","Clinton County, Pennsylvania","clinton","clinton"
"dewitt clinton","DeWitt Clinton","clinton county","Clinton County, Iowa","clinton","clinton"
"www.cityofclinton.us","www.cityofclinton.us"
"clinton","clinton"

"clinton","clinton"
"clinton","Clinton, Louisiana"
"clinton","clinton"

"clinton","clinton"
"baker st clinton  04927","baker st clinton 04927"
"clinton","clinton"
"clinton","clinton town office","clinton town office","clinton town office"
"clinton","clinton"

"clinton","clinton"
"clinton","clinton"
"clinton","clinton"
"clinton","clinton"
"clinton","clinton"
"clinton","clinton","clinton","clinton"
"clinton","clinton"
"clinton","clinton"
"clinton","clinton"
"clinton","clinton"
"clinton town","Clinton, New Jersey"
"clinton","clinton"
"clinton","clinton"
"clinton","clinton","clinton","clinton"

"clinton","clinton"
"clinton","clinton"

"clinton township","Clinton Township, Macomb County, Michigan"
"clinton township","Clinton Township, New Jersey"

"clinton","clinton"
"clinton","clinton"
"clinton","clinton","clinton","clinton"
"clinton","clinton"
"clinton","clinton"
"clinton","clinton"
"clinton","clinton","dewitt clinton","DeWitt Clinton","clinton","clinton"
"clinton","clinton"
"clinton boulevard","clinton boulevard","main street clinton","main street clinton"
"clinton","clinton"
"clinton public school district","clinton public school district"
"clinton","clinton"
"clinton","clinton"
"clinton","clinton"
"clinton","clinton"
"clinton","clinton"
"clinton","clinton"

"clinton","clinton","clinton","clinton"
"clinton riot","clinton riot"
"clinton","clinton","clinton","clinton","clinton","clinton"
"clinton","clinton"
"clinton","clinton"
"clinton","clinton"
"clinton riot","clinton riot"
"clinton","clinton"
"clinton","clinton"
"clinton","clinton"
"clinton","clinton"

"north clinton","north clinton","clinton fire department","clinton fire department","clinton","clinton fire department","clinton","clinton fire department"
"clinton","clinton"
"clinton","clinton"
"clinton","clinton"
"clinton","clinton"
"clinton","clinton"
"clinton","clinton"
"clinton","clinton"
"clinton","clinton"

"clinton","clinton","clinton","clinton"
"clinton","clinton"
"clinton","clinton"
"clinton","clinton"
"clinton","clinton"
"clinton","Clinton, New Jersey"
"clinton","clinton","clinton","clinton"
"leigh street clinton","leigh street clinton","ccovino@clintonnj.gov","ccovino@clintonnj.gov","www.clintonj.gov","www.clintonj.gov"









"clinton town","clinton town"
"clinton","clinton"
"clinton","clinton"
"clinton","clinton"
"clinton","clinton"
"clinton","clinton"
"clinton","clinton"
"clinton","clinton"
"clinton","clinton","clinton","clinton"
"clinton","clinton"
"thethe clinton","thethe clinton"
"clinton","clinton","clinton","clinton"
"clinton","clinton"
"clinton","clinton"
"clinton","clinton","clinton","clinton"
"clinton","clinton","clinton","clinton"
"clinton","clinton"
"clinton","clinton"
"clinton@clintonvillage.com","clinton@clintonvillage.com"
"clinton","clinton","clinton@clintonvillage.com","clinton@clintonvillage.com","clinton","clinton"
"clinton","clinton"
"clinton","clinton"

"clinton county","clinton county"
"clinton county","Clinton County, Pennsylvania"
"clinton county","Clinton County, Ohio"
"clinton","clinton"
"clinton","clinton"
"though clinton","though clinton"
"clinton","clinton"
"clinton","clinton"
"clinton","clinton"
"clinton","clinton"
"clinton","clinton"
"clinton","clinton"
"clinton","clinton"

"clinton","clinton"
"clinton domino parlor","clinton domino parlor","lucky star casino clinton (amusement &","lucky star casino clinton -LRB- amusement &"
"clinton","clinton"
"clinton","clinton"
"clinton","clinton"
"clinton","clinton"
"clinton","clinton"

"clinton","clinton"
"clinton","clinton"
"clinton","clinton"
"clinton","clinton"
"clinton","clinton"

"clinton","clinton"
"clinton","clinton"
"clinton","clinton"
"clinton","clinton"
"clinton","clinton"
"clinton","clinton"
"clinton city","clinton city","clinton city","clinton city"
"clinton","clinton"
"clinton","clinton"
"clinton","clinton","whidbey island (clinton)-to-mukilteo  state ferries","whidbey island -LRB- clinton -RRB- -to-mukilteo state ferries"
"clinton","clinton","clinton","clinton"
"clinton","clinton chamber","clinton chamber","clinton chamber","http://www.clintonthursdaymarket.com","http://www.clintonthursdaymarket.com"
"fairview","fairview"
"fairview","fairview","fairview","fairview"
"fairview","fairview","fairview","fairview"
"fairview","fairview"
"fairview","fairview"
"fairview","fairview"
"fairview","fairview"
"fairview","fairview"
"fairview","fairview"
"fairview","fairview"

"fairview","fairview"
"fairview town","fairview town"
"fairview","fairview"
"fairview","fairview"
"fairview","fairview"
"fairview","fairview"
"fairview","fairview","fairview","fairview"

"fairview","fairview"
"fairview","fairview"
"fairview  dublin ca","fairview dublin ca","fairview  pleasanton ca","fairview pleasanton ca","fairview","fairview belmont ca","fairview","fairview belmont ca","fairview","fairview belmont ca","fairview","fairview belmont ca","fairview  hayward ca","fairview hayward ca","fairview  berkeley ca","fairview berkeley ca","fairview  belmont ca","fairview belmont ca","fairview  sunnyvale ca","fairview sunnyvale ca","fairview  livermore ca","fairview livermore ca","fairview  antioch ca","fairview antioch ca","fairview  burlingame ca","fairview burlingame ca","fairview  alameda ca","fairview alameda ca","fairview  fremont ca","fairview fremont ca","fairview  oakland ca","fairview oakland ca","fairview  martinez ca","fairview martinez ca"
"fairview","fairview","fairview","fairview"
"fairview","fairview"

"fairview","fairview"
"fairview","fairview","fairview","fairview"
"fairview","fairview"
"horis a. ward fairview chapel","horis a. ward fairview chapel","fairview memorial gardens","fairview memorial gardens"
"fairview","fairview"
"fairview","fairview"

"fairview heights","Fairview Heights, Illinois"
"fairview heights","Fairview Heights, Illinois"
"fairview heights","Fairview Heights, Illinois"
"fairview heights","Fairview Heights, Illinois","fairview heights","Fairview Heights, Illinois"
"fairview heights","Fairview Heights, Illinois"
"fairview heights","fairview heights"
"fairview heights-area","fairview heights-area"


"fairview","fairview"

"fairview","fairview"
"fairview","fairview","fairview","fairview"
"fairview","fairview"
"fairview","fairview","fairview","fairview"
"fairview","fairview"
"fairview","fairview"
"fairview  county","fairview county"
"fairview","fairview"
"fairview","fairview"
"fairview","fairview"
"fairview","fairview"
"fairview","fairview"
"fairview","fairview"

"fairview","fairview"
"fairview","fairview","fairview","fairview"
"fairview","fairview","fairview","fairview"
"fairview","fairview"
"fairview","fairview"
"fairview","fairview"
"fairview","fairview"
"fairview","fairview"
"fairview","fairview"
"fairview","fairview"

"fairview","fairview"
"fairview town","fairview town"
"fairview","fairview"
"fairview","fairview"
"fairview","fairview"
"fairview","fairview"
"fairview","fairview"
"fairview","fairview"
"fairview","fairview"
"fairview","fairview"
"fairview","fairview","fairview","fairview"
"fairview","fairview"
"fairview","fairview"
"fairview","fairview"
"fairview","fairview","town of fairview","Fairview, Alberta"
"fairview","fairview"
"fairview","fairview"
"fairview","fairview"
"fairview","fairview"
"fairview","fairview"
"fairview","fairview"
"fairview fire district","fairview fire district"
"fairview","fairview"
"fairview","fairview"
"fairview","fairview"
"fairview","fairview"
"fairview park","Fairview Park, Ohio","fairview park","Fairview Park, Ohio"
"fairview park","Fairview Park, Ohio","center 21225 lorain road fairview park","center 21225 lorain road fairview park"
"park senior center 20769 lorain road fairview park","park senior center 20769 lorain road fairview park","fairview park","Fairview Park, Ohio"

"fairview","fairview","fairview","fairview"
"fairview","fairview"
"fairview park","Fairview Park, Ohio"
"fairview park","fairview park"
"fairview park","fairview park"
"fairview park-area","fairview park-area"
"fairview","fairview","cmanager@fairviewok.org","cmanager@fairviewok.org","city of fairview","city of fairview"
"cmanager@fairviewok.org","cmanager@fairviewok.org","fairview","fairview"
"fairview","fairview"
"fairview","fairview"
"fairview","fairview"
"fairview","fairview"

"fairview","fairview"
"fairview","fairview"
"fairview","fairview"
"fairview","fairview","fairview","fairview"
"fairview","fairview"
"fairview","fairview"
"fairview","fairview"
"fairview","fairview"
"fairview","fairview"

"fairview","fairview"
"fairview","fairview"
"fairview","fairview","tunecore fairview","tunecore fairview"
"fairview","fairview"
"fairview","fairview"
"fairview","fairview"
"fairview","fairview"
"fairview","fairview"

"fairview","fairview"
"ecappon@fairview.org","ecappon@fairview.org"
"ecappon@fairview.org","ecappon@fairview.org"
"rlacroix@fairview.org","rlacroix@fairview.org"
"fairviewalarm.com","fairviewalarm.com"
"sgandy@fairview.org","sgandy@fairview.org"
"fairview","fairview"
"fairview","fairview"
"fairview","fairview"
"fairview","fairview"

"fairview","fairview"
"fairviewcity@fairviewcity.com","fairviewcity@fairviewcity.com"
"fairview","fairview"
"fairview","fairview"
"fairview","fairview"
"fairview","fairview"
"fairview","fairview"

"fairview","fairview"
"fairview","fairview","fairview","fairview"
"fairview","fairview","fairview","fairview"
"fairview","fairview"
"fairview","fairview"
"fairview","fairview"
"fairview","fairview"
"fairview","fairview"
"fairview","fairview"
"fairview","fairview"

"fairview","fairview"
"fairview town","fairview town"
"fairview","fairview"
"fairview","fairview"
"fairview","fairview"
"fairview","fairview"
"fairview","fairview","fairview","fairview"
"fairview lakes medical","fairview lakes medical","fairview blvd","fairview blvd"
"fairview lakes medical center","fairview lakes medical center"
"fairview","fairview"
"fairview","fairview"
"fairview","fairview"
"fairview","fairview"

"salem","salem"

"salem","salem"

"salem","salem"
"salem","salem"
"salem","salem"
"salem","salem"

"salem","salem"
"salem","salem"
"salem","salem"

"salem","salem"
"salem","salem"
"salem","salem","salem","salem"
"salem","salem","salem","salem"
"salem","salem"
"salem","salem"
"salem","salem"
"salem","salem"
"salem","salem","salem","salem"
"salem","salem","salem","salem"
"salem","salem"
"salem","salem"
"salem","salem"
"salem","salem"
"salem","salem"
"salem","salem"
"salem","salem"

"salem","salem","salem","salem"

"salem","salem"

"salem","salem"
"salem city","salem city"
"salem city","Salem, New Jersey","salem city","Salem, New Jersey"
"salem city","Salem, New Jersey","salem city","Salem, New Jersey"
"salem city","salem city"
"salem city","salem city"
"salem city","salem city"
"salem city","salem city"
"salem city","salem city"
"salem city","salem city"
"salem city","Salem, New Jersey"
"salem city","Salem, New Jersey"
"salem city","Salem, New Jersey"
"salem city","Salem, New Jersey"
"salem city","salem city"
"salem","salem"
"salem","salem"
"salem","salem"
"salem city","salem city"
"salem city","salem city"
"salem city","salem city"
"salem city","salem city"
"salem","salem"
"salem","salem"
"salem","salem","salem","salem"
"salem","salem"
"salem","salem"

"salem","salem"
"salem township","Salem Township, Luzerne County, Pennsylvania"
"salem township","Salem Township, Luzerne County, Pennsylvania"
"salem","salem"
"salem","salem"
"salem","salem"

"salem","salem"
"salem","salem"

"salem","salem"
"salem","salem"
"salem","salem"
"salem","salem","salem","salem"
"salem","salem","salem","salem"
"salem","salem"
"salem","salem"
"salem","salem"
"salem","salem"
"salem","salem"
"salem","salem"
"salem","salem"

"salem","salem","salem","salem"
"salem","Salem, New Hampshire"
"salem","Salem, Tamil Nadu"
"salem","salem"
"salem","salem","salem","salem","salem city","salem city","salem main street","salem main street"
"salem","salem","salem","salem","salem","salem"
"salem county","Salem County, New Jersey","salem","salem"
"salem","salem","salem county","Salem County, New Jersey"
"salem county","Salem County, New Jersey"
"salem","salem","salem","salem"
"salem","salem"
"salem","salem"

"salem","salem","salem","salem"
"salem","salem"
"salem census designated place","salem census designated place","salem","salem"
"salem","salem"
"salem","salem"
"salem","salem"
"salem","salem"
"salem","salem"
"salem","salem"
"salem","salem"
"salem","salem"
"salem","salem"
"salem","salem"

"salem","salem"
"north salem-area","north salem-area"
"salem","salem"

"salem","salem"
"salem","salem"

"salem city schools","salem city schools","salem","salem"
"salem","Salem, Ohio"
"salem median","salem median"
"salem","salem","salem","salem"
"salem","salem"

"salem","salem"

"salem","salem"
"salem  rv","salem rv"
"salem","salem"
"salem  rv","salem rv"
"salem","salem"
"salem","salem"
"salem","salem"
"salem","salem"
"salem","salem"
"salem","salem"

"salem","salem"
"salem","salem"
"salem","Salem, Oregon","salem","Salem, Oregon","salem","Salem, Oregon","salem","Salem, Oregon","salem","Salem, Oregon","salem","Salem, Oregon","cherriots salem keizer transit","cherriots salem keizer transit","cherriots salem keizer transit","cherriots salem keizer transit"
"salem city","salem city"
"salem","salem"
"city of salem","city of salem"

