"jackson","jackson"
"jackson","jackson"
"jackson","jackson"

"jackson","jackson"
"jackson","jackson"
"jackson","jackson"
"jackson","jackson"
"jackson town center","jackson town center","jackson","jackson"
"jackson","jackson"
"jackson","jackson"
"jackson town","jackson town","jackson town","jackson town"
"jackson town","jackson town","jackson town","jackson town"
"jackson","jackson"
"jackson town","jackson town"
"jackson","jackson"
"jackson","jackson"
"jackson","jackson"
"jackson town","jackson town"
"jackson town","jackson town"
"jackson town","jackson town"

"jackson town","jackson town"
"jackson town","jackson town"
"jackson","jackson"
"jackson","jackson"
"jackson","jackson"
"jackson","jackson"
"jackson town hall","jackson town hall"
"jackson town hall","jackson town hall"
"jackson","jackson","jackson","jackson"
"jackson","jackson","jackson depot","jackson depot"
"jackson","jackson","jackson","jackson"
"jackson","jackson"
"jackson","jackson"

"south jackson road","south jackson road","albion jackson","albion jackson"
"jackson county","jackson county"
"jackson","Jackson, Michigan"
"jackson","jackson"

"jackson","jackson","jackson county","Jackson County, Oregon"
"jackson","jackson"
"jackson","jackson"
"jackson","jackson"
"jackson","jackson"
"jackson","jackson"
"jackson","jackson"

"jackson fire","jackson fire","jackson","Jackson, Mississippi","jackson","Jackson, Mississippi","jackson fire","jackson fire","jackson fire","jackson fire","jackson fire","jackson fire"

"jackson","jackson"
"jackson","jackson"
"jackson","jackson"
"jackson","jackson","jackson","jackson"
"jackson","jackson"
"jackson","jackson"
"jackson","jackson"
"jackson","jackson"
"jackson","Jackson, Missouri"
"jackson","jackson","jackson","jackson"
"jackson","jackson"
"jackson","jackson"


"county offices-jackson","county offices-jackson","county offices-jackson","county offices-jackson","jackson city","jackson city"

"jackson","jackson","jackson","jackson"
"jackson","jackson"
"jackson hot springs lodge","jackson hot springs lodge"
"jackson","jackson"

"jackson","jackson"
"jackson","jackson","jackson","jackson"
"jackson","jackson"
"jackson","jackson"
"jackson","jackson"
"jackson","jackson"
"jackson","jackson"

"jackson township","Jackson Township, New Jersey"
"jackson","jackson"
"jackson township","Jackson Township, New Jersey"
"jackson","jackson"
"jackson township","jackson township"
"jackson township","Jackson Township, New Jersey"
"jackson township","jackson township"
"jackson township","jackson township"
"jackson","jackson"
"jackson","jackson","jackson town center","jackson town center"
"jackson","jackson"
"jackson","jackson"
"jackson","jackson"

"town of jackson","town of jackson","jackson","jackson"
"jackson","jackson"
"jackson county","Jackson County, Oregon"
"jackson county","Jackson County, Oregon","jackson","jackson"
"jackson","jackson"
"jackson","jackson"

"jackson county","Jackson County, Oregon","jackson county courthouse","Jackson County Courthouse (Kansas City, Missouri)","jackson county jail (d","jackson county jail -LRB- d","jackson","jackson","jackson county","Jackson County, Oregon","jackson city hall (e","jackson city hall -LRB- e"
"jackson","jackson","jackson","jackson"
"jackson","jackson"

"jackson","jackson"
"fort jackson","Fort Jackson (South Carolina)"
"fort jackson","Fort Jackson (South Carolina)"
"united states usa us u.s. u.s.a. america american fortjackson ftjackson accomodation accomodations accommadation accommadations hoteles  fortjackson bestwestern bw confort day inn extendedstay stayamerica extendedstayamerica hamton holliday inn hollyday holidayinn sleepinn sleepin","united states usa us u.s. u.s.a. america american fortjackson ftjackson accomodation accomodations accommadation accommadations hoteles fortjackson bestwestern bw confort day inn extendedstay stayamerica extendedstayamerica hamton holliday inn hollyday holidayinn sleepinn sleepin"
"jackson","jackson"
"jackson-humboldt","jackson-humboldt","jackson","jackson","jackson","jackson"
"jackson","jackson"
"jackson","jackson"

"city of jackson fire","city of jackson fire","city of jackson fire","city of jackson fire","city of jackson fire","city of jackson fire","city of jackson fire","city of jackson fire","jackson","jackson","city of jackson fire","city of jackson fire","jackson civic center (q","jackson civic center -LRB- q"
"jackson city","jackson city"
"jackson","jackson"
"jackson hole","Jackson Hole","jackson","Jackson, Wyoming"
"jackson","Jackson, Wyoming","jackson, wy-id micropolitan statistical area","Jackson micropolitan area, Wyoming–Idaho","jackson","Jackson, Wyoming"
"jackson","jackson"
"jackson","Jackson, Wyoming","jackson","Jackson, Wyoming","jackson hole","Jackson Hole"
"jackson hole","Jackson Hole","jackson","jackson"
"jackson","jackson"
"burlington","burlington"
"burlington","burlington"
"burlington","burlington"

"burlington","burlington"
"burlington","burlington"
"burlington","burlington"
"burlington","burlington"
"burlington","burlington"
"burlington","burlington"
"burlington","burlington"
"burlington","burlington"
"burlington","burlington"
"burlington","burlington","burlington","burlington"
"burlington","burlington"

"burlington","burlington"

"burlington","burlington"

"burlington","burlington","burlington township","burlington township"
"burlington","burlington"
"burlington town","burlington town","burlington town","burlington town"
"burlington town","burlington town","burlington town","burlington town"
"burlington","burlington"
"burlington","burlington"
"burlington","burlington"
"burlington","burlington"
"burlington","burlington"
"burlington town","burlington town"
"burlington","burlington"

"burlington","burlington"
"burlington town","burlington town"
"burlington","burlington"
"burlington","burlington"
"burlington","burlington"
"burlington","burlington"
"burlington town hall","burlington town hall"
"burlington town hall","burlington town hall"
"burlington","burlington"
"burlington","burlington"
"burlington","burlington"

"burlington","Burlington, Iowa"
"west burlington","west burlington","burlington","Burlington, Iowa"
"burlington","burlington"
"burlington police department","burlington police department","burlington","burlington"
"west burlington","West Burlington, Iowa","burlington","Burlington, Iowa","burlington","Burlington, Iowa"
"burlington","burlington"
"burlington","burlington"

"burlington","burlington"
"burlington","Burlington, Kentucky"
"burlington","burlington"

"burlington","burlington","burlington","burlington"
"burlington","burlington"
"burlington","burlington"
"burlington","burlington"
"burlington town","burlington town","burlington town","burlington town"
"burlington town","burlington town","burlington town","burlington town"
"burlington","burlington"
"burlington","burlington"
"burlington","burlington"
"burlington","burlington"
"burlington","burlington"
"burlington town","burlington town"
"burlington","burlington"

"burlington","burlington"
"burlington town","burlington town"
"burlington","burlington"
"burlington","burlington"
"burlington","burlington"
"burlington","burlington"
"burlington","burlington"
"burlington","Burlington, Massachusetts","burlington","Burlington, Massachusetts"
"burlington","Burlington, North Carolina","burlington","Burlington, North Carolina","burlington","Burlington, North Carolina","burlington","Burlington, North Carolina","burlington","Burlington, North Carolina","burlington","Burlington, North Carolina","burlington","Burlington, North Carolina","burlington mall","Burlington Mall (Massachusetts)"
"burlington","burlington"
"burlington","Burlington, Massachusetts"
"burlington","burlington"
"burlington","burlington"
"burlington","burlington"
"burlington","burlington"
"burlington","burlington"

"burlington","burlington"

"burlington","burlington"
"burlington","burlington","burlington","burlington"
"city of burlington","Burlington, New Jersey"
"burlington county","Burlington County, New Jersey","burlington","Burlington County, New Jersey"
"burlington","Burlington, New Jersey"
"burlington","burlington"
"burlington","burlington"


"burlington","burlington"
"burlington","burlington"
"burlington","burlington"
"burlington","Burlington, North Carolina"
"burlington","Burlington, North Carolina"
"burlington","burlington"
"burlington","burlington"

"burlington coat factory","Burlington Coat Factory","burlington","Burlington Coat Factory"
"burlington coat factory","Burlington Coat Factory","burlington","Burlington Coat Factory"
"burlington","burlington"
"burlington","Burlington, North Carolina","city of burlington","Burlington, New Jersey"
"burlington","Burlington, North Carolina"
"burlington","burlington"
"burlington","Burlington, North Carolina"
"burlington","burlington"
"burlington","burlington"

"burlington","burlington"
"burlington","burlington"
"burlington township","Burlington Township, New Jersey","burlington","burlington"
"burlington","burlington"
"burlington","burlington"

"burlington","burlington"
"burlington","burlington","burlington census designated place","burlington census designated place"
"burlington","burlington"
"burlington","burlington"
"burlington","burlington"
"burlington","burlington"
"new burlington","new burlington"
"new burlington","new burlington"
"burlington","burlington"

"town of burlington","Burlington, New York","burlington","burlington"
"burlington","burlington"
"burlington","burlington"

"burlington","burlington","burlington","burlington"
"burlington","burlington"
"burlington","burlington"
"burlington","burlington"
"burlington","burlington"
"burlington","burlington"
"burlington","Burlington, Vermont","south burlington","South Burlington, Vermont","burlington city hall (n","burlington city hall -LRB- n","burlington","Burlington, Vermont","burlington","Burlington, Vermont","burlington","Burlington, Vermont"
"burlington","burlington"
"burlington","burlington"
"burlington","burlington"
"burlington","burlington"
"burlington","burlington","burlington","burlington"
"burlington","burlington","burlington","burlington"
"burlington","burlington"
"burlington","Burlington, Washington"
"burlington","burlington","burlington","burlington"
"burlington","burlington"
"burlington","burlington"
"burlington","Burlington, Wisconsin"
"burlington","burlington"
"burlington","burlington"

"burlington","burlington"
"burlington","burlington"
"burlington","burlington"
"burlington town","burlington town","burlington town","burlington town"
"burlington town","burlington town","burlington town","burlington town"
"burlington","burlington"
"burlington","burlington"
"burlington","burlington"
"burlington","burlington"
"burlington","burlington"
"burlington town","burlington town"
"burlington","burlington"

"burlington","burlington"
"burlington town","burlington town"
"burlington","burlington"
"burlington","burlington"
"burlington","burlington"
"burlington","burlington"
"burlington","burlington","town of burlington","Burlington, New York"
"burlington","burlington"
"burlington","burlington"
"burlington","burlington"
"manchester","Manchester"
"manchester","Manchester","manchester","Manchester","town of manchester","town of manchester","center street manchester","center street manchester"
"manchester","Manchester"
"manchester","Manchester"
"manchester","Manchester"

"manchester","Manchester, Connecticut","manchester","Manchester, Connecticut","manchester","Manchester, Connecticut","manchester","Manchester, Connecticut","manchester fire rescue emergency medical services station","manchester fire rescue emergency medical services station","manchester","Manchester, Connecticut","manchester fire rescue emergency medical services station","manchester fire rescue emergency medical services station","manchester fire rescue emergency medical services station","manchester fire rescue emergency medical services station"
"manchester","Manchester"
"manchester","Manchester, Connecticut"
"manchester","Manchester","manchester","Manchester","manchester","Manchester"
"manchester","Manchester"
"manchester","Manchester"
"manchester","Manchester"


"manchester","Manchester","manchester","Manchester"
"manchester","Manchester"
"manchester","Manchester"
"manchester","Manchester"
"manchester","Manchester"
"manchester","Manchester","manchester","Manchester","macc@manchester.org","macc@manchester.org"
"manchester","Manchester"
"manchester","Manchester"

"manchester","Manchester","manchester city","Manchester City F.C."
"manchester","Manchester","manchester city","Manchester City F.C."
"manchester city","Manchester City F.C.","manchester","Manchester"
"manchester","Manchester","manchester city","Manchester City F.C."
"manchester city","Manchester City F.C.","manchester","Manchester"
"manchester city","Manchester City F.C.","manchester","Manchester"
"manchester","Manchester"

"manchester city's","Manchester City F.C.","manchester","Manchester"
"manchester","Manchester","manchester city","Manchester City F.C."
"manchester","Manchester","manchester city","Manchester City F.C."
"manchester","Manchester"

"manchester","Manchester"
"manchester","Manchester","manchester  city","Manchester City F.C.","manchester","Manchester"
"manchester","Manchester"
"manchester","Manchester","town of manchester","town of manchester"
"manchester","Manchester"
"manchester","Manchester"
"manchester","Manchester, Maryland"
"manchester","Manchester"
"manchester","Manchester"

"manchester","Manchester"
"manchester","Manchester"

"manchester","Manchester"

"manchester","Manchester","manchester city","Manchester City F.C."
"manchester","Manchester","manchester city","Manchester City F.C."
"manchester","Manchester"
"manchester","Manchester"
"manchester","Manchester"

"manchester","Manchester"
"manchester","Manchester"
"manchester","Manchester"
"manchester","Manchester"

"manchester","Manchester"
"manchester","Manchester"
"manchester township","Manchester Township, New Jersey","manchester","Manchester"
"manchester","Manchester"
"manchester","Manchester","manchester township","manchester township"
"manchester","Manchester"
"manchester","Manchester"

"manchester","Manchester"
"manchester","Manchester"
"manchester","Manchester"
"manchester","Manchester"
"manchester","Manchester"

"manchester","Manchester","manchester","Manchester","manchester","Manchester","manchester","Manchester","manchester city","Manchester City F.C.","manchester","Manchester"
"manchester","Manchester","manchester","Manchester"
"manchester","Manchester"
"manchester","Manchester"
"manchester","Manchester"

"manchester","Manchester","manchester","Manchester"
"manchester","Manchester"
"manchester","Manchester"
"manchester","Manchester","manchester","Manchester"
"manchester","Manchester","manchester","Manchester"
"manchester","Manchester"
"manchester","Manchester"
"manchester","Manchester"
"manchester","Manchester"
"manchester","Manchester","manchester town","manchester town"
"manchester","Manchester"
"manchester","Manchester"
"manchester","Manchester"
"manchester","Manchester"
"manchester town","manchester town","manchester","Manchester"
"manchester","Manchester"
"manchester","Manchester"
"manchester","Manchester"
"manchester","Manchester"
"manchester","Manchester"
"manchester","Manchester"
"manchester","Manchester"
"manchester green","manchester green","manchester","Manchester","manchester","Manchester"
"manchester","Manchester"
"manchester","Manchester"

"manchester borough","manchester borough","manchester","Manchester"
"manchester","Manchester"
"manchester","Manchester"
"manchester","Manchester"
"manchester","Manchester","manchester","Manchester"
"manchester","Manchester"
"manchester","Manchester"
"manchester","Manchester"

"manchester","Manchester"
"manchester","Manchester"
"manchester","Manchester","manchester","Manchester"
"manchester","Manchester"
"manchester","Manchester"
"manchester","Manchester"
"manchester","Manchester"
"manchester","Manchester"
"manchester","Manchester"
"manchester","Manchester"
"manchester","Manchester","manchester","Manchester","manchester capital management","manchester capital management"
"manchester","Manchester"
"manchester","Manchester, Vermont"
"manchester vt","manchester vt","manchester","Manchester","manchester","Manchester","manchester","Manchester"
"manchester","Manchester"
"manchester","Manchester"
"manchester","Manchester"
"manchester","Manchester"
"manchester","Manchester"
"manchester","Manchester","manchester vt","manchester vt"
"manchester","Manchester"
"manchester","Manchester"
"manchester","Manchester"
"manchester","Manchester"
"manchester","Manchester"
"manchester","Manchester"
"manchester","Manchester"
"manchester","Manchester"
"manchester","Manchester"
"manchester","Manchester"

"manchester","Manchester","manchester","Manchester","manchester census designated place","manchester census designated place"
"manchester","Manchester"
"manchester","Manchester"
"manchester","Manchester"
"manchester","Manchester"
"manchester","Manchester","manchester","Manchester"
"milton","milton"
"town of milton","town of milton"
"milton town","milton town"

"milton","milton","milton","milton"
"milton","milton"
"milton","milton"
"milton town","milton town"
"milton town","milton town"
"milton","milton"
"milton","milton"
"milton","milton"

"milton","milton"
"milton","milton"
"milton town","milton town"
"milton","milton"
"milton","milton"
"milton","milton"
"milton","milton","milton","milton"
"town of milton","town of milton"
"milton","milton"
"milton","milton"
"milton","milton","milton","milton"
"milton","milton","milton","milton"
"milton","milton"

"milton","milton"
"milton","milton"
"milton","Milton, Florida","milton","Milton, Florida"
"milton","milton"
"milton","milton"
"milton","milton"

"milton","milton"
"downtown milton","downtown milton"
"milton","milton"
"milton","milton"
"milton","milton"


