"washington telegraph","washington telegraph"
"pioneer washington restoration foundation","pioneer washington restoration foundation","washington","Washington (state)"
"historic washington state park","Historic Washington State Park","washington state","Washington (state)"
"washington","Washington (state)"
"washington","Washington (state)"

"washington","Washington (state)"
"washington assessor","washington assessor","washington","Washington (state)"
"washington","Washington, D.C.","washington","Washington, D.C."
"washington","Washington (state)"
"washington","Washington (state)"
"washington","Washington (state)"

"washington","Washington, D.C."
"washington","Washington (state)"
"washington","Washington (state)"
"washington","Washington (state)"
"washington","Washington (state)"
"washington","Washington, D.C.","washington","Washington, D.C.","washington","Washington, D.C."
"washington","Washington (state)"
"washington community high school","Washington Community High School"
"washington","Washington (state)"
"washington","Washington (state)"

"washington","Washington (state)"
"washington county","washington county"
"washington","Washington (state)"
"washington","Washington (state)"
"washington","Washington (state)"

"washington","Washington (state)"
"washington","Washington (state)"
"washington","Washington (state)"
"washington county","washington county"
"washington","Washington (state)","washington","Washington (state)"
"washington county","washington county"
"washington","Washington (state)"
"president george washington","George Washington","washington","George Washington"
"washington county","washington county"
"washington","Washington (state)","park washington","park washington"
"washington","Washington (state)","washington","Washington (state)"
"washington","Washington (state)"
"washington","Washington (state)"
"washington","Washington (state)"

"washington","Washington (state)","washington county","washington county"
"washington","Washington (state)","washington county","washington county"
"washington","Washington (state)"
"washington","Washington (state)"
"washington county","washington county","washington","Washington (state)"
"washington","Washington (state)"
"washington","Washington (state)","washington county","washington county"
"washington","Washington (state)"

"city of washington","Washington, D.C.","washington","Washington (state)"
"washington","Washington (state)"
"washington","Washington (state)"
"washington","Washington (state)"
"washington university","Washington University in St. Louis"
"washington university","Washington University in St. Louis"
"washington county","washington county","george washington","George Washington","washington county","washington county"
"washington county","washington county"
"washington county","washington county"
"washington county","washington county"
"washington","Washington (state)"
"washington","Washington (state)"
"washington","Washington (state)","washington","Washington (state)","washington","Washington (state)"
"washington hall","washington hall"
"washington","Washington (state)"
"washington","washington"
"washington","Washington (state)"
"washington summer rv","washington summer rv","washington","Washington (state)"
"washington","Washington (state)"
"washington","Washington (state)"
"washington","Washington (state)"

"washington cultural district","washington cultural district"
"washington","Washington (state)"
"washington county courthouse","Washington County Courthouse (Machias, Maine)","washington county","Washington County, Maine"
"washington po box","washington po box"
"washington","Washington (state)"
"mount washington","Mount Washington (New Hampshire)"
"mt washington","mt washington"
"mount washington","Mount Washington, Massachusetts"

"mount washington state forest","Mount Washington State Forest","mount washington","Mount Washington (New Hampshire)","washington state","Washington (state)"
"washington county","washington county"
"washington county","Washington County, Arkansas","washington","Washington (state)"
"washington","Washington (state)"
"washington","Washington, D.C."
"george washington","George Washington","washington","Washington (state)"
"washington","Washington (state)"
"washington","Washington (state)"
"washington","Washington (state)"
"washington","Washington (state)"

"washington square","Washington Square Park"
"washington county courthouse","Washington County Courthouse (Oregon)"

"washington","Washington (state)"
"washington","Washington (state)","washington","Washington (state)"
"e. washington","e. washington","washington","Washington (state)","washington center","washington center"
"washington","Washington (state)"
"washington","Washington (state)"

"washington","Washington (state)"
"washington township","Washington Township, Bergen County, New Jersey","washington","Washington (state)"
"washington","Washington (state)"
"washington","Washington (state)"

"washington","Washington (state)"
"washington","Washington (state)"
"washington","Washington (state)"
"washington","Washington (state)"

"washington","Washington (state)","comfort inn washington","comfort inn washington"
"washington","Washington (state)"
"washington","Washington (state)"
"washington","Washington (state)"

"washington","Washington (state)"
"washington","Washington (state)"
"washington","Washington (state)"
"washington (iad","washington -LRB- iad"
"washington","Washington (state)"
"washington","Washington (state)","washington, dc","Washington, D.C."
"george washington","George Washington","washington county","washington county"
"washington county","Washington County, Oklahoma","washington","Washington (state)"
"washington county","washington county"
"washington county","washington county"
"washington county","washington county"
"washington","Washington (state)"
"washington","Washington (state)"

"washington","Washington (state)","washington county","washington county"
"washington county","washington county","washington","Washington (state)"
"washington","Washington (state)"
"washington","Washington (state)"
"washington city museum","washington city museum"
"washington","Washington (state)","washington","Washington (state)"
"washington","Washington (state)"
"washington","Washington (state)"
"washington calendar","washington calendar"
"washington","Washington (state)"
"washington","Washington (state)","washington","Washington (state)","george washington","George Washington"
"washington","Washington (state)"
"washingtons","Washington (state)","washington","Washington (state)"
"washington","Washington (state)"
"washington","Washington (state)","washington","Washington (state)","george washington","George Washington"
"washington","Washington (state)"
"washington","washington"
"washington","Washington (state)"
"porter street washington","porter street washington"
"first baptist church pastor dr. wendall r. grant fodderstack road washington","first baptist church pastor dr. wendall r. grant fodderstack road washington"
"washington square town","washington square town"
"washington square","Washington Square Park"
"washington","Washington (state)"

"washington","Washington (state)"
"washington","Washington (state)"
"washington","Washington (state)","washington census","washington census"
"washington","Washington (state)"
"washington","Washington (state)","washington","Washington (state)"
"springfield","springfield"
"springfield","springfield","springfield ar","springfield ar"
"springfield","springfield"
"springfield","springfield"
"springfield","springfield"
"springfield","springfield","springfield","springfield"
"springfield","springfield"
"springfield","springfield"
"springfield","springfield","springfield","springfield"
"springfield","springfield"
"springfield","springfield"

"springfield","springfield"
"springfield","springfield"
"springfield","springfield"
"springfield","springfield","springfield","springfield"
"springfield","springfield","springfield","springfield"
"springfield","springfield"
"springfield","springfield"
"springfield","springfield"
"springfield","springfield"
"springfield","springfield"
"springfield","springfield"
"springfield","springfield"
"springfield","springfield"
"springfield","Springfield (Massachusetts)"
"springfield","springfield"
"springfield","springfield"
"springfield","springfield"
"springfield","springfield"
"springfield","springfield"
"springfield","springfield"
"springfield","springfield"
"springfield","springfield"

"springfield","springfield","springfield","springfield"
"springfield","springfield","springfield","springfield"
"springfield","springfield"
"springfield","springfield"
"springfield","springfield"
"springfield","springfield"

"springfield","Springfield, Illinois"
"springfield","springfield"
"springfield","springfield","springfield","springfield"
"springfield","springfield"
"springfield","springfield"

"springfield","Springfield, Illinois","springfield","Springfield, Illinois","springfield","Springfield, Illinois"
"springfield","springfield"
"springfield","Springfield, Illinois"
"springfield","Springfield, Illinois"
"springfield","springfield"
"springfield","springfield"
"springfield","springfield"
"springfield","springfield"

"springfield","springfield"
"springfield","springfield"
"springfield","springfield","springfield","springfield"
"springfield","springfield"
"springfield","springfield"

"springfield","springfield"
"springfield","springfield","springfield","springfield"
"springfield","springfield","springfield","springfield"
"springfield","springfield"
"springfield","springfield"
"springfield","springfield"
"springfield","springfield"
"springfield","springfield"
"springfield","springfield"
"springfield","springfield"
"springfield","springfield"
"springfield","Springfield (Massachusetts)"
"springfield","springfield"
"springfield","springfield"
"springfield","springfield"
"springfield","springfield"
"springfield","springfield"
"springfield","springfield"
"springfield","Springfield, Louisiana","springfield","Springfield, Louisiana"
"springfield","springfield"
"springfield","springfield"
"springfield","springfield","springfield","springfield"
"springfield","springfield","springfield","springfield"
"springfield","springfield"
"springfield","springfield"
"springfield","springfield"
"springfield","springfield"
"springfield","springfield"
"springfield","springfield"
"springfield","springfield"
"springfield","springfield"
"springfield","Springfield (Massachusetts)"
"springfield","springfield"
"springfield","springfield"
"springfield","springfield"
"springfield","springfield"
"springfield","springfield"
"springfield","springfield"
"springfield","springfield"
"springfield","Springfield, Massachusetts"
"springfield","springfield"
"springfield","Springfield, Massachusetts","west springfield","West Springfield, Massachusetts"
"springfield","springfield","springfield","springfield"
"springfield","springfield"
"springfield","springfield"

"springfield","springfield"
"springfield","springfield"
"springfield","springfield"

"springfield","springfield"

"springfield","Springfield (Illinois)","springfield","Springfield (Illinois)"
"springfield","springfield"
"springfield","springfield"

"springfield","Springfield, Missouri","springfield","Springfield, Missouri","discovery center of springfield","Discovery Center of Springfield"
"springfield","springfield"
"springfield","springfield"
"www.facebook.com/cityofspringfield","www.facebook.com/cityofspringfield"
"springfield","springfield"
"springfield","springfield"

"springfieldne.org","springfieldne.org","springfield","springfield"
"springfield","springfield"
"springfield","springfield"
"springfield","springfield"
"springfield","springfield"

"springfield","springfield"
"springfield","springfield"
"springfield","springfield"
"springfield","springfield"
"springfield","springfield","springfield assessor","springfield assessor"
"springfield assessor","springfield assessor","springfield","springfield"
"springfield","springfield","springfield","springfield"

"springfield township","springfield township"
"springfield","springfield"
"springfield","springfield"
"springfield.gov","springfield.gov"
"springfield","springfield"
"springfield","springfield"

"springfield","springfield","springfield","springfield","springfield country club","Springfield Country Club"
"springfield","springfield"
"springfield","springfield"
"springfield","Springfield, Ohio"
"springfield","springfield"
"springfield","springfield"
"springfield oh","springfield oh"
"springfield","springfield"
"city of springfield","city of springfield"
"springfield","springfield","springfield city","springfield city"
"springfield","springfield"
"springfield","springfield"
"springfield.com","springfield.com"
"springfield","springfield"
"springfield","springfield"
"springfield","springfield"
"springfield museum","springfield museum","aaa gateway springfield","aaa gateway springfield"
"springfield","springfield"
"springfield","springfield"
"springfield","springfield","springfield","springfield"
"usps post office springfield","usps post office springfield","springfield","springfield"
"springfield","springfield","springfield","springfield"

"springfield","springfield"
"springfield","springfield","springfield","springfield"
"springfield","springfield","springfield","springfield"
"springfield","springfield"
"springfield","springfield"
"springfield","springfield"
"springfield","springfield"
"springfield","springfield"
"springfield","springfield"
"springfield","springfield"
"springfield","springfield"
"springfield","Springfield (Massachusetts)"
"springfield","springfield"
"springfield","springfield"
"springfield hwy","springfield hwy"
"springfield","springfield"
"springfield","springfield"
"springfield","springfield"
"springfield","springfield"
"springfield","springfield"
"springfield","springfield"

"springfield","springfield"
"springfield","springfield"
"springfield","springfield"
"springfield","springfield"
"springfield","springfield"
"springfield","springfield"
"springfield","springfield"
"springfield","springfield"

"springfield middle school","springfield middle school","springfield","springfield"
"springfield","springfield"
"springfield","springfield"
"springfield","springfield"
"springfield","springfield","springfield","springfield"
"springfield","springfield"
"springfield","springfield"

"springfield  railway express","springfield railway express","franconia-springfield metro station","Franconia–Springfield station","springfield","Springfield, Virginia","springfield","Springfield, Virginia","springfield","Springfield, Virginia","springfield","Springfield, Virginia","springfield","Springfield, Virginia"
"springfield","Springfield, Virginia","springfield","Springfield, Virginia"
"springfield","springfield"
"springfield","springfield"
"springfield pike","Ohio State Route 4","springfield","springfield","springfield","springfield"
"springfield","springfield","springfield census designated place","springfield census designated place"
"springfield","springfield"
"springfield","springfield"


"springfield","springfield","springfield","springfield"
"town of springfield ( county","town of springfield -LRB- county","springfield","springfield","roadsidethoughts.com/wi/springfield-twnof-xx--profile.htm","roadsidethoughts.com/wi/springfield-twnof-xx--profile.htm","springfield","springfield"
"springfield","springfield","springfield","springfield","www.digplanet.com/wiki/springfield,__county,_","www.digplanet.com/wiki/springfield,__county,_"
"springfield","springfield","springfield","springfield"
"springfield","springfield"
"springfield","springfield"
"springfield","springfield"
"springfield","springfield"
"springfield","springfield","springfield","springfield"
"springfield","springfield"
"springfield","springfield","springfield","springfield","springfield","springfield"
"springfield","springfield"
"springfield","springfield"

"franklin town","franklin town"
"franklin town","franklin town","franklin town","franklin town"
"franklin town","franklin town","franklin town","franklin town"
"franklin","franklin"
"franklin town","franklin town"
"franklin","franklin"
"franklin town","franklin town"
"franklin town","franklin town"
"franklin town","franklin town"
"franklin town","franklin town"
"franklin","franklin"

"franklin","franklin"
"franklin","franklin"
"franklin town","franklin town"
"franklin","franklin"
"franklin","franklin"
"franklin","franklin"
"franklin county","franklin county"
"franklin","franklin"

"franklin","franklin"
"franklin","franklin"
"franklin","franklin"

"franklin","franklin"
"franklin town","franklin town"
"franklin","franklin"
"franklin","franklin"

"franklin","franklin"
"franklin","franklin"
"franklin","franklin","benjamin franklin","Benjamin Franklin"
"franklin county","franklin county","franklin springs","franklin springs"
"franklin","franklin"
"franklin county","franklin county","franklin","franklin"
"franklin","franklin"
"franklin","franklin"
"franklin","franklin"
"franklin","franklin"
"franklin","franklin"
"franklin","franklin"

"franklin","franklin","franklin","franklin"
"franklin park","franklin park"
"franklin","franklin"
"franklin","franklin"
"franklin","franklin"
"franklin","franklin"

"franklin","franklin"
"franklin","franklin"
"franklin","franklin"
"franklin","franklin"
